from_section,to_section,latitude,longitude,label
North West Territories,Nunavut,65.0981843,-109.6777292,unnamed [secondary]
Alberta,Saskatchewan,48.9997621,-110.0043501,unnamed [track]
Northern British Colombia,Victoria Island,51.8163139,-127.9329752,10 [ferry]
Alberta,Athabasca,55.1127667,-115.3004353,33 [primary]
Alberta,Athabasca,55.1138057,-111.7169837,unnamed [tertiary]
Alberta,Athabasca,55.1103203,-114.0023683,2A [primary]
Athabasca,Saskatchewan,55.1104093,-108.1953399,965 [secondary]
Athabasca,Saskatchewan,55.1113494,-107.8995159,965 [secondary]
Athabasca,Saskatchewan,55.1161626,-107.8027158,965 [secondary]
Athabasca,Saskatchewan,55.1237356,-108.3752013,903 [secondary]
Alberta,Saskatchewan,51.8742633,-110.0031372,unnamed [unclassified]
Alberta,Saskatchewan,51.8193717,-110.0048776,unnamed [unclassified]
Manitoba,Saskatchewan,49.5770471,-101.4139173,PTH 2 [primary]
Alberta,Saskatchewan,50.6592106,-110.0078735,545 [secondary]
Manitoba,Saskatchewan,49.2664216,-101.3876419,PR 445 [secondary]
Alberta,British Columbia,49.5544401,-114.6853865,Ptolemy Pass Trail [track]
Alberta,British Columbia,49.6310917,-114.6991536,unnamed [track]
Alberta,British Columbia,49.5725950,-114.7299480,Tent Mountain Pass Trail [track]
Alberta,British Columbia,49.9224067,-114.6912157,North Fork Pass Trail [track]
Alberta,Athabasca,55.1126959,-114.1563870,2 [primary]
Northern Ontario,Ontario,45.4095710,-81.8435762,South Baymouth - Tobermory Ferry [ferry]
Nova Scotia,Nova Scotia,45.737930,-62.689158,Caribou Terminal [ferry]
Prince Edward Island,Prince Edward Island,45.954223,-62.748748,Wood Islands Terminal [ferry]
British Columbia,Victoria Island,51.8524535,-127.9407433,28 [ferry]
Northern British Colombia,Yukon,59.9951122,-128.5511500,BC 97 [trunk]
Northern British Colombia,Yukon,59.9957049,-134.6677819,YK 2 [trunk]
Athabasca,Northern British Colombia,56.3165430,-120.0005855,64 [primary]
Athabasca,Northern British Colombia,56.0143463,-119.9990095,Township Road 812 [unclassified]
Athabasca,Northern British Colombia,56.6610287,-120.0008193,unnamed [unclassified]
Athabasca,Northern British Colombia,56.6669007,-120.0011480,unnamed [unclassified]
Athabasca,Northern British Colombia,56.1592874,-119.9968971,Township Road 830 [unclassified]
Alberta,Northern British Colombia,55.0387509,-119.9994171,unnamed [unclassified]
Alberta,Athabasca,55.1105952,-119.3226065,Range Road 94 [unclassified]
Alberta,Athabasca,55.1087464,-119.3988080,Range Road 101 [unclassified]
Alberta,Athabasca,55.1141843,-119.1281869,Range Road 82 [tertiary]
Alberta,Athabasca,55.1104825,-119.3480074,unnamed [unclassified]
Alberta,Athabasca,55.1108551,-119.7675386,unnamed [service]
Alberta,Athabasca,55.1098412,-119.1956701,Range Road 85 [unclassified]
Athabasca,Northern British Colombia,55.2578191,-119.9961762,671 [secondary]
Athabasca,Northern British Colombia,55.7813052,-120.0000039,Township Road 784 [unclassified]
Alberta,Northern British Colombia,55.0224126,-119.9985775,unnamed [unclassified]
Alberta,Athabasca,55.1088059,-119.2972406,Range Road 93 [unclassified]
Alberta,Athabasca,55.1123683,-119.5142426,722 [secondary]
Alberta,Northern British Colombia,55.0728893,-119.9984378,unnamed [unclassified]
Alberta,Northern British Colombia,55.0771075,-120.0011750,unnamed [unclassified]
Athabasca,Northern British Colombia,55.5485920,-119.9978337,unnamed [unclassified]
Alberta,Athabasca,55.1082461,-119.1449139,Range Road 83 [unclassified]
Athabasca,Northern British Colombia,55.6213453,-119.9988547,Township Road 765 [unclassified]
Alberta,Athabasca,55.1086889,-119.4496703,Range Road 103 [unclassified]
Alberta,Athabasca,55.1086322,-119.5640472,Range Road 111A [unclassified]
Alberta,Athabasca,55.1087753,-119.7039133,Range Road 121 [unclassified]
Alberta,Athabasca,55.1116905,-119.3671090,unnamed [unclassified]
Athabasca,Northern British Colombia,55.8105757,-119.9990166,Township Road 785 [unclassified]
Alberta,Athabasca,55.1087687,-119.6021912,Range Road 113 [unclassified]
Alberta,Athabasca,55.1122425,-119.4750610,Range Road 104 [unclassified]
Athabasca,Northern British Colombia,55.8615740,-119.9969849,Township Road 793A [unclassified]
Alberta,Athabasca,55.1087815,-119.7546959,Range Road 123 [unclassified]
Alberta,Athabasca,55.1104520,-119.6784689,Range Road 120 [unclassified]
Alberta,Athabasca,55.1122729,-119.3350379,Township Road 710 North [unclassified]
Alberta,Athabasca,55.1123862,-119.3311460,Township Road 710 North [unclassified]
Alberta,Athabasca,55.1120853,-119.5234931,unnamed [unclassified]
Alberta,Athabasca,55.1087564,-119.3733662,Range Road 100 [unclassified]
Alberta,Athabasca,55.1094041,-119.4228103,Range Road 102 [unclassified]
Alberta,Athabasca,55.1100895,-119.2464743,Range Road 91 [unclassified]
Alberta,Athabasca,55.1088940,-119.1575690,Range Road 83A [unclassified]
Alberta,Athabasca,55.1105766,-119.0560622,Range Road 75A [unclassified]
Alberta,Athabasca,55.1088063,-119.2210841,Range Road 90 [unclassified]
Alberta,Athabasca,55.1114187,-119.7164163,unnamed [service]
Athabasca,Northern British Colombia,55.9270828,-119.9997791,Township Road 802 [unclassified]
Athabasca,Northern British Colombia,55.6068186,-119.9988841,Township Road 764 [unclassified]
Alberta,Athabasca,55.1120575,-119.5248299,Township Road 710 [unclassified]
Alberta,Athabasca,55.1093518,-119.2718628,Range Road 92 [unclassified]
Alberta,Northern British Colombia,55.0910386,-119.9994999,unnamed [unclassified]
Alberta,Athabasca,55.1088925,-116.9757624,Range Road 203 [unclassified]
Alberta,Athabasca,55.1125441,-117.3553730,Township Road 710 [unclassified]
Alberta,Athabasca,55.1090786,-117.9677578,Range Road 270 [unclassified]
Alberta,Athabasca,55.1108320,-114.5671206,unnamed [unclassified]
Alberta,Athabasca,55.1150463,-113.8912809,Range Road 261A [unclassified]
Alberta,Athabasca,55.1087340,-117.7764153,Range Road 254A [unclassified]
Alberta,Athabasca,55.1118405,-115.6379953,unnamed [unclassified]
Alberta,Athabasca,55.1148165,-114.7326375,unnamed [tertiary]
Alberta,Athabasca,55.1087934,-117.1536755,Range Road 214 [unclassified]
Alberta,Athabasca,55.1102821,-116.9502845,unnamed [unclassified]
Alberta,Athabasca,55.1119826,-114.4679962,unnamed [tertiary]
Alberta,Athabasca,55.1132355,-113.1726683,1000 Road [tertiary]
Alberta,Athabasca,55.1148406,-116.4118767,unnamed [unclassified]
Alberta,Athabasca,55.1117184,-116.6775769,unnamed [unclassified]
Alberta,Athabasca,55.1128841,-113.9061243,Ranch Road [tertiary]
Alberta,Athabasca,55.1124849,-114.1584639,unnamed [unclassified]
Alberta,Athabasca,55.1096916,-116.8994419,747 [secondary]
Alberta,Athabasca,55.1115811,-112.5306633,Township Road 710 [unclassified]
Alberta,Athabasca,55.1116386,-117.7434985,Township Road 710 [unclassified]
Alberta,Athabasca,55.1106824,-114.5268773,unnamed [tertiary]
Alberta,Athabasca,55.1097507,-117.1791460,Range Road 215 [unclassified]
Alberta,Athabasca,55.1090883,-117.9167529,Range Road 264 [unclassified]
Alberta,Athabasca,55.1088135,-117.9422498,Range Road 265 [unclassified]
Alberta,Athabasca,55.1078153,-116.8739960,Range Road 195 [unclassified]
Alberta,Athabasca,55.1152500,-112.5450427,Range Road 173 [unclassified]
Alberta,Athabasca,55.1110302,-112.9159569,Range Road 200A [unclassified]
Alberta,Athabasca,55.1100097,-117.7638160,Range Road 254 [unclassified]
Alberta,Athabasca,55.1152235,-117.3602777,Range Road 225 [unclassified]
Alberta,Athabasca,55.1094332,-117.6875977,Young's Point Road [tertiary]
Alberta,Athabasca,55.1125294,-117.6637379,unnamed [unclassified]
Alberta,Athabasca,55.1147875,-115.2005412,unnamed [unclassified]
Alberta,Athabasca,55.1088929,-116.9245991,Range Road 201 [unclassified]
Alberta,Athabasca,55.1088975,-117.0522276,Range Road 210 [unclassified]
Alberta,Athabasca,55.1089472,-116.7977627,Range Road 192 [unclassified]
Alberta,Athabasca,55.1118315,-117.7384416,Range Road 253 [unclassified]
Alberta,Athabasca,55.1087421,-117.4586984,Range Road 234A [unclassified]
Alberta,Athabasca,55.1102324,-116.0875240,unnamed [unclassified]
Alberta,Athabasca,55.1137518,-117.8955401,Range Road 262 [unclassified]
Alberta,Athabasca,55.1107392,-116.6532710,unnamed [unclassified]
Alberta,Athabasca,55.1088545,-117.0012983,unnamed [unclassified]
Alberta,Athabasca,55.1121339,-112.4696937,Range Road 170A [unclassified]
Alberta,Athabasca,55.1118363,-117.4636916,unnamed [residential]
Alberta,Athabasca,55.1110366,-116.7042979,unnamed [unclassified]
Alberta,Athabasca,55.0947919,-118.2028687,734 [tertiary]
Alberta,Northern British Colombia,54.9984287,-119.9972376,unnamed [tertiary]
Alberta,British Columbia,49.6434517,-114.6642298,Phillipps Pass Road [track]
Alberta,Athabasca,55.1092432,-111.9851893,unnamed [tertiary]
Alberta,Saskatchewan,52.3207923,-110.0049398,unnamed [unclassified]
Alberta,Saskatchewan,52.3328097,-110.0049942,unnamed [unclassified]
Alberta,Saskatchewan,52.3379425,-110.0066347,unnamed [unclassified]
Alberta,Saskatchewan,53.8077750,-110.0077353,unnamed [unclassified]
Alberta,Saskatchewan,53.1167031,-110.0056280,unnamed [unclassified]
Alberta,Saskatchewan,53.5117164,-110.0089665,45 [primary]
Alberta,Saskatchewan,53.2998539,-110.0049218,62 Street [unclassified]
Alberta,Saskatchewan,53.7431730,-110.0060926,Township Road 551A [unclassified]
Alberta,Saskatchewan,53.7028346,-110.0064328,unnamed [unclassified]
Alberta,Saskatchewan,52.1433373,-110.0035516,Township Road 370 [unclassified]
Alberta,Saskatchewan,52.4340270,-110.0087781,Township Road 402 [unclassified]
Alberta,Saskatchewan,53.5770842,-110.0087654,Township Road 532A [unclassified]
Alberta,Saskatchewan,52.4049131,-110.0082546,Township Road 400 [unclassified]
Alberta,Saskatchewan,53.6956772,-110.0087738,unnamed [unclassified]
Alberta,Saskatchewan,52.1139136,-110.0078482,Township Road 364 [tertiary]
Alberta,Saskatchewan,53.6243592,-110.0077738,TCT [unclassified]
Alberta,Saskatchewan,52.7541163,-110.0020863,Township Road 440 [unclassified]
Alberta,Saskatchewan,53.7090291,-110.0095895,unnamed [unclassified]
Alberta,Saskatchewan,53.2536685,-110.0051949,18 Street [tertiary]
Alberta,Saskatchewan,52.8996940,-110.0062398,Range Road 10 [unclassified]
Alberta,Saskatchewan,53.7176360,-110.0095784,641 [secondary]
Alberta,Saskatchewan,52.3170984,-110.0048890,unnamed [unclassified]
Alberta,Saskatchewan,53.1324484,-110.0085042,Township Road 482 [unclassified]
Alberta,Saskatchewan,53.0741962,-110.0083500,Township Road 474 [unclassified]
Alberta,Saskatchewan,53.6074400,-110.0070732,17 [primary]
Alberta,Saskatchewan,53.6663256,-110.0057906,unnamed [unclassified]
Alberta,Saskatchewan,52.7324372,-110.0106786,unnamed [unclassified]
Alberta,Saskatchewan,52.7378627,-110.0055422,unnamed [unclassified]
Alberta,Saskatchewan,52.3757740,-110.0089154,Township Road 394 [unclassified]
Alberta,Saskatchewan,52.2303297,-110.0093717,unnamed [unclassified]
Alberta,Saskatchewan,52.3434048,-110.0051397,unnamed [unclassified]
Alberta,Saskatchewan,52.4922747,-110.0036162,Township Road 410 [unclassified]
Alberta,Saskatchewan,52.4631426,-110.0068730,unnamed [unclassified]
Alberta,Saskatchewan,52.3176734,-110.0035908,Township Road 390 [unclassified]
Alberta,Saskatchewan,52.8934778,-110.0056156,unnamed [unclassified]
Alberta,Saskatchewan,53.8416017,-110.0061059,unnamed [track]
Alberta,Saskatchewan,51.5560384,-110.0070585,unnamed [unclassified]
Alberta,Saskatchewan,50.3099165,-110.0079375,Township Road 160 [unclassified]
Alberta,Saskatchewan,50.4554915,-110.0087369,Township Road 174 [unclassified]
Alberta,Saskatchewan,50.3681671,-110.0078388,Township Road 164 [unclassified]
Alberta,Saskatchewan,50.2516905,-110.0096408,528 [secondary]
Alberta,Saskatchewan,49.2419245,-110.0051434,Range Road 10A [unclassified]
Alberta,Saskatchewan,51.2414473,-110.0071251,Township Road 264 [unclassified]
Alberta,Saskatchewan,50.4845883,-110.0087596,Township Road 180 [unclassified]
Alberta,Saskatchewan,50.6301559,-110.0035070,Township Road 194 [unclassified]
Alberta,Saskatchewan,51.5364538,-110.0049858,unnamed [unclassified]
Alberta,Saskatchewan,50.5137456,-110.0034737,Township Road 182 [unclassified]
Alberta,Saskatchewan,51.3734595,-110.0037911,Township Road 280A [unclassified]
Alberta,Saskatchewan,51.6198663,-110.0088600,unnamed [unclassified]
Alberta,Saskatchewan,51.5288948,-110.0049623,unnamed [unclassified]
Alberta,Saskatchewan,50.1679661,-110.0083552,unnamed [unclassified]
Alberta,Saskatchewan,50.9211806,-110.0032089,Township Road 230 [unclassified]
Alberta,Saskatchewan,50.8047998,-110.0044653,Township Road 214 [unclassified]
Alberta,Saskatchewan,49.9313638,-110.0086352,unnamed [unclassified]
Northern Ontario,Quebec,48.1464267,-79.5209894,66 [trunk]
Ontario,Quebec,45.5138489,-76.2255426,Quyon Ferry [ferry]
New Brunswick,Quebec,47.6382270,-68.3850222,unnamed [unclassified]
New Brunswick,Quebec,47.6280134,-68.3841254,unnamed [unclassified]
New Brunswick,Quebec,47.7744209,-68.3847774,unnamed [track]
New Brunswick,Quebec,47.8693278,-68.3810966,unnamed [unclassified]
New Brunswick,Quebec,47.3809500,-68.7122588,Route des Chalets [tertiary]
Northern Ontario,Ontario,45.2333242,-78.8850193,Mona Drive [residential]
Northern Ontario,Ontario,45.0612457,-78.9794746,Black River Road [residential]
Northern Ontario,Ontario,45.0683668,-78.9808769,Black River Road [residential]
Northern Ontario,Ontario,45.0778778,-78.9875712,Black River Road [residential]
Northern Ontario,Ontario,45.1906152,-78.8691998,Wren Lake Drive [residential]
Northern Ontario,Ontario,45.1793085,-78.8633538,Moyes Trail [residential]
Northern Ontario,Ontario,45.0815156,-78.9886300,unnamed [residential]
Northern Ontario,Ontario,45.1857229,-78.8677231,Venura Lane [residential]
Northern Ontario,Ontario,45.1862659,-78.8680426,Venura Lane [residential]
Northern Ontario,Ontario,45.1841297,-78.8675092,Wren Lake Drive [residential]
Northern Ontario,Ontario,45.1536707,-78.8405917,Comak Crescent [residential]
Northern Ontario,Ontario,45.2064076,-78.8733563,Friendship Lane [residential]
Northern Ontario,Ontario,45.2000952,-78.8724045,Grindstone Lake Road [residential]
Northern Ontario,Ontario,44.7769995,-79.3384518,Severn River Road [residential]
Northern Ontario,Ontario,44.8889776,-79.6221970,Englefield Lane [residential]
Northern Ontario,Ontario,44.7771471,-79.2941751,Laidlaw Avenue [residential]
Northern Ontario,Ontario,44.7723403,-79.3552725,Canal Road [residential]
Northern Ontario,Ontario,44.7731391,-79.3709733,Canal Road [residential]
Northern Ontario,Ontario,44.7750996,-79.3879774,Graham Road [residential]
Northern Ontario,Ontario,44.7812368,-79.3951826,Haertel Lane [residential]
Northern Ontario,Ontario,44.8750572,-79.6036570,Granny Stock Garden [residential]
Northern Ontario,Ontario,44.8745213,-79.6025755,Chapel Hill Lane [residential]
Northern Ontario,Ontario,44.7759426,-79.2921885,Coopers Falls Road [secondary]
Northern Ontario,Ontario,44.7774400,-79.2854238,Coopers Falls Road [secondary]
Northern Ontario,Ontario,44.7893877,-79.2401652,Clear Road [residential]
Northern Ontario,Ontario,44.7828274,-79.3951212,Muskoka District No.49 Road [tertiary]
Northern Ontario,Ontario,44.8863592,-79.6764570,DR 34 [secondary]
Northern Ontario,Ontario,46.1259874,-78.3288773,Brent Road [tertiary]
Northern Ontario,Ontario,46.0719197,-78.0878404,unnamed [track]
Northern Ontario,Ontario,46.1131122,-78.1117349,unnamed [track]
Northern Ontario,Ontario,46.0901676,-78.0963828,Bissett Creek Road [tertiary]
Northern Ontario,Ontario,46.1627252,-78.3511396,unnamed [track]
Northern Ontario,Quebec,47.6101973,-79.5223788,Touzin Road [residential]
Northern Ontario,Quebec,47.5991793,-79.5183522,65 [primary]
Northern Ontario,Ontario,46.1864536,-78.3651026,unnamed [track]
Northern Ontario,Ontario,46.0835074,-78.0286895,unnamed [track]
Northern Ontario,Quebec,47.6939648,-79.5176793,Brethour 3 Concession [residential]
Northern Ontario,Quebec,47.6672843,-79.5205740,Beach Road [residential]
Northern Ontario,Ontario,46.2478490,-78.3957383,Barbut [track]
Northern Ontario,Ontario,46.1370572,-78.1946635,unnamed [track]
Northern Ontario,Ontario,46.1159320,-78.1131300,unnamed [track]
Northern Ontario,Ontario,46.1399752,-78.3379789,unnamed [track]
Northern Ontario,Ontario,46.0757507,-78.0898707,unnamed [track]
Northern Ontario,Ontario,46.1837700,-78.3656770,unnamed [track]
Northern Ontario,Ontario,46.1308223,-78.1190939,unnamed [track]
Ontario,Quebec,45.2039403,-74.3473507,CR 2 [secondary]
Ontario,Quebec,45.5216130,-74.3958368,Montée Saint-Thomas [tertiary]
Ontario,Quebec,45.2874857,-74.4522095,Chemin Sainte-Anne [residential]
Ontario,Quebec,45.2917892,-74.4632501,Concession Road 7 [residential]
Ontario,Quebec,45.4248035,-74.4317242,CR 18 [secondary]
Ontario,Quebec,45.5367395,-74.3903790,CR 31 [secondary]
Ontario,Quebec,45.5630864,-74.3823398,Rue des Outaouais Road [tertiary]
Ontario,Quebec,45.2573454,-74.4171229,Concession Road 4 [residential]
Ontario,Quebec,45.5547543,-74.3843842,CR 31 [tertiary]
Ontario,Quebec,45.5403012,-74.3886159,CR 31 [secondary]
Ontario,Quebec,45.2894880,-74.4547433,CR 23 [secondary]
Ontario,Quebec,45.2725894,-74.4340761,CR 18 [secondary]
British Columbia,Victoria Island,49.8083480,-124.7306885,17 [ferry]
Alberta,British Columbia,49.6313617,-114.6913528,3 [trunk]
Newfoundland,Newfoundland,51.204193,-56.774574,Blanc-Sablon terminal [ferry]
Quebec,Quebec,51.415731,-57.152123,Sainte-Barbe terminal [ferry]
Northern Ontario,Ontario,45.7015740,-77.7356016,Basin Depot Road [tertiary]
Northern Ontario,Ontario,45.8308080,-77.5346222,Mallard Lake [unclassified]
Northern Ontario,Ontario,45.7100574,-77.6964068,unnamed [track]
Ontario,Quebec,45.5805880,-76.6726833,CR 653 [secondary]
Northern Ontario,Ontario,45.7140938,-77.6771547,unnamed [track]
Alberta,Saskatchewan,53.2707005,-110.0053545,36 Street [tertiary]
Alberta,Saskatchewan,53.2752099,-110.0053707,41 Street [tertiary]
Alberta,Saskatchewan,53.2761345,-110.0052033,42 Street [residential]
Alberta,Saskatchewan,53.2686498,-110.0054303,unnamed [residential]
Alberta,Saskatchewan,53.2870583,-110.0052570,54 Street [residential]
Northern Ontario,Quebec,48.7611127,-79.5150049,3e-et-4e Rang [unclassified]
Quebec,Ungava,49.0094035,-79.1941464,393 [secondary]
Alberta,Saskatchewan,53.3657397,-110.0025091,Township Road 510 [unclassified]
Alberta,Saskatchewan,53.3952701,-110.0023654,Township Road 512 [unclassified]
Northern Ontario,Ontario,45.1705443,-78.8545073,35 [primary]
Northern Ontario,Ontario,45.1446516,-78.8427734,35 [primary]
Alberta,Saskatchewan,49.6716740,-110.0013098,unnamed [unclassified]
British Columbia,Northern British Colombia,53.3723384,-122.5250746,McMurtrie Road [residential]
British Columbia,Northern British Colombia,53.4320751,-123.3004897,688 Road Forest Service Road [track]
British Columbia,Northern British Colombia,53.2876037,-123.1431088,unnamed [unclassified]
British Columbia,Northern British Colombia,53.2874215,-123.1420996,Blackwater Road [residential]
British Columbia,Northern British Colombia,53.3712600,-122.5630249,BC 97 [trunk]
Athabasca,Northern British Colombia,55.8979488,-119.9966295,Road 218 [residential]
Quebec,Ungava,48.9990833,-77.9588645,109 [primary]
Athabasca,Northern British Colombia,55.4913239,-120.0028180,unnamed [residential]
Athabasca,Northern British Colombia,55.4813180,-120.0047464,BC 2 [trunk]
Northern Ontario,Ontario,44.7777172,-79.3350448,11 [trunk]
Northern Ontario,Ontario,45.1955281,-78.8697328,35 [primary]
Northern Ontario,Ontario,45.2379549,-78.8965491,35 [primary]
Northern Ontario,Ontario,45.2424164,-78.8947878,DR 39 [tertiary]
Northern Ontario,Ontario,45.2451633,-78.8942256,DR 39 [tertiary]
Northern Ontario,Ontario,45.2466384,-78.8936919,DR 39 [tertiary]
Ontario,Quebec,45.6423823,-74.8824899,Fassette-Lefaivre Ferry Route/Ice Road [ferry]
Prince Edward Island,Prince Edward Island,46.349333,-62.251175,Souris ferry terminal [ferry]
Quebec,Quebec,47.381240,-61.855047,Cap-aux-Meules ferry terminal [ferry]
Athabasca,Northern British Colombia,56.0724942,-120.0013823,Road 230 [residential]
Athabasca,Northern British Colombia,56.1882605,-120.0020935,Road 238 [tertiary]
Athabasca,Northern British Colombia,56.2173769,-120.0020492,Road 240F [tertiary]
Northern British Colombia,Yukon,59.9941313,-133.7942483,Atlin Highway [primary]
British Columbia,Northern British Colombia,52.6320860,-119.1529111,YH 5 [trunk]
Quebec,Ungava,54.7948211,-70.0035570,Route Transtaïga [tertiary]
Alberta,Saskatchewan,50.9620783,-110.0041084,unnamed [service]
Alberta,Saskatchewan,50.9588674,-110.0047145,unnamed [service]
Quebec,Ungava,53.9885992,-69.9998027,Route des digues Sud du  Réservoir Caniapiscau [tertiary]
Alberta,British Columbia,51.4535935,-116.2848012,unnamed [service]
Northern Ontario,Ontario,45.0373786,-78.9626933,118 [primary]
Manitoba,Northern Ontario,49.7387412,-95.1576564,PTH 1 [trunk]
Northern Ontario,Ontario,45.8546747,-77.5447034,Barron Canyon Road [tertiary]
Northern Ontario,Quebec,46.7106791,-79.1018211,63 [primary]
Alberta,Saskatchewan,53.4615685,-110.0076110,17 [primary]
Alberta,Athabasca,55.1083701,-111.5116730,881 [secondary]
Alberta,British Columbia,51.2287115,-116.0501576,93 [primary]
Manitoba,Saskatchewan,51.0219900,-101.5360150,unnamed [unclassified]
Manitoba,Saskatchewan,51.0808635,-101.5357212,PR 547 [secondary]
Manitoba,Saskatchewan,51.3313113,-101.5675947,unnamed [unclassified]
Manitoba,Saskatchewan,51.5846652,-101.5704586,Ski Hill Road [unclassified]
Manitoba,Saskatchewan,51.5896388,-101.5700701,Ski Hill Road [unclassified]
Manitoba,Saskatchewan,51.6068164,-101.5707207,Ski Hill Road [unclassified]
Manitoba,Saskatchewan,51.6149929,-101.5714371,Ski Hill Road [unclassified]
Manitoba,Saskatchewan,51.6540576,-101.5659502,PTH 57 [primary]
Manitoba,Saskatchewan,51.8080747,-101.5811468,unnamed [unclassified]
Manitoba,Saskatchewan,51.8517345,-101.5801460,unnamed [unclassified]
Manitoba,Saskatchewan,51.8226440,-101.5812281,unnamed [unclassified]
Manitoba,Saskatchewan,51.7935234,-101.5811623,unnamed [unclassified]
Manitoba,Saskatchewan,51.9834276,-101.6132914,unnamed [unclassified]
Manitoba,Saskatchewan,51.9281726,-101.5772588,unnamed [tertiary]
Manitoba,Saskatchewan,51.9390895,-101.5732701,unnamed [tertiary]
Manitoba,Saskatchewan,51.9245208,-101.5797278,unnamed [unclassified]
Manitoba,Saskatchewan,51.9099842,-101.5811441,unnamed [unclassified]
Manitoba,Saskatchewan,51.8808202,-101.5832135,49 [primary]
Manitoba,Saskatchewan,51.9860861,-101.6093149,unnamed [track]
Manitoba,Saskatchewan,51.9796977,-101.6093204,unnamed [track]
Alberta,Saskatchewan,52.5667388,-110.0033166,17 [primary]
Manitoba,Saskatchewan,51.0365823,-101.5389453,unnamed [track]
Manitoba,Saskatchewan,51.1545300,-101.5352933,unnamed [tertiary]
Manitoba,Saskatchewan,51.2257503,-101.5387178,PR 482 [secondary]
Manitoba,Saskatchewan,51.1987409,-101.5427434,unnamed [unclassified]
Manitoba,Saskatchewan,51.2135152,-101.5416381,unnamed [unclassified]
Manitoba,Saskatchewan,51.1897727,-101.5386834,PR 482 [secondary]
Manitoba,Saskatchewan,51.1954588,-101.5388775,PR 482 [secondary]
Manitoba,Saskatchewan,51.2183952,-101.5388487,PR 482 [secondary]
Manitoba,Saskatchewan,51.1250628,-101.5351419,unnamed [tertiary]
Manitoba,Saskatchewan,51.4344378,-101.5666001,unnamed [unclassified]
Manitoba,Saskatchewan,51.3608314,-101.5677113,unnamed [unclassified]
Manitoba,Saskatchewan,51.4049499,-101.5674269,PR 363 [primary]
Manitoba,Saskatchewan,51.3349918,-101.5706423,unnamed [track]
Manitoba,Saskatchewan,51.3423901,-101.5705896,unnamed [track]
Manitoba,Saskatchewan,51.3461012,-101.5673927,unnamed [unclassified]
Manitoba,Saskatchewan,51.4669318,-101.5686397,unnamed [unclassified]
Manitoba,Saskatchewan,51.4739341,-101.5703243,unnamed [unclassified]
Manitoba,Saskatchewan,51.4197077,-101.5666530,unnamed [unclassified]
Manitoba,Saskatchewan,51.4786835,-101.5666383,unnamed [tertiary]
Alberta,Saskatchewan,49.9526360,-110.0048109,unnamed [unclassified]
Alberta,Saskatchewan,49.9399307,-110.0048263,unnamed [unclassified]
Northern Ontario,Ontario,45.5380422,-78.4008899,Rock Lake Road [unclassified]
Northern Ontario,Ontario,45.5410972,-78.3950182,Rock Lake Road [unclassified]
Northern Ontario,Ontario,45.5347936,-78.4053080,Rock Lake Road [unclassified]
Northern Ontario,Ontario,45.3410918,-78.0558883,127 [primary]
Ontario,Quebec,45.5624219,-74.3818827,Montée Inter-provinciale [residential]
Ontario,Quebec,45.5607499,-74.3811115,Rue Tisseur [residential]
Northern Ontario,Ontario,45.4645513,-78.6666992,unnamed [track]
Northern Ontario,Ontario,45.3933554,-78.9340780,unnamed [track]
Northern Ontario,Ontario,45.3986046,-78.9176028,unnamed [track]
Northern Ontario,Ontario,45.3950071,-78.9318396,unnamed [track]
Northern Ontario,Ontario,45.3393826,-78.9450828,Oxtongue Rapids Road [residential]
Northern Ontario,Ontario,45.3385663,-78.9420551,unnamed [track]
Northern Ontario,Ontario,45.3411156,-78.9445718,60 [primary]
Northern Ontario,Ontario,45.2975905,-78.9213534,unnamed [track]
Northern Ontario,Ontario,45.2611324,-78.9029846,Rabbits Bay Road [residential]
Northern Ontario,Ontario,45.2689953,-78.9064074,unnamed [track]
Northern Ontario,Ontario,45.2620372,-78.9037487,35 [primary]
Northern Ontario,Ontario,45.2640903,-78.9052954,35 [primary]
Northern Ontario,Ontario,45.2573283,-78.9012597,Cliffdene Road [residential]
Northern Ontario,Ontario,45.2808339,-78.9116026,35 [primary]
Manitoba,Saskatchewan,50.7752134,-101.5055135,PTH 16 [trunk]
Manitoba,Saskatchewan,50.8009531,-101.5109355,unnamed [unclassified]
Manitoba,Saskatchewan,50.7568012,-101.5056124,unnamed [unclassified]
Manitoba,Saskatchewan,50.8451205,-101.5049667,unnamed [unclassified]
Manitoba,Saskatchewan,50.0194132,-101.4441918,unnamed [unclassified]
Manitoba,Saskatchewan,50.0594578,-101.4504988,1 [trunk]
Manitoba,Saskatchewan,50.0341717,-101.4441640,unnamed [unclassified]
Manitoba,Saskatchewan,50.0639879,-101.4473322,unnamed [unclassified]
Manitoba,Saskatchewan,50.0757213,-101.4472933,unnamed [unclassified]
Manitoba,Saskatchewan,50.0815936,-101.4472892,unnamed [unclassified]
Manitoba,Saskatchewan,50.0538154,-101.4473205,unnamed [unclassified]
Manitoba,Saskatchewan,50.0046139,-101.4441667,unnamed [unclassified]
Manitoba,Saskatchewan,50.0784534,-101.4505666,unnamed [unclassified]
Manitoba,Saskatchewan,50.0931862,-101.4441650,unnamed [unclassified]
Nova Scotia,Nova Scotia,44.661195,-65.757665,Digby Ferry Terminal [ferry]
New Brunswick,New Brunswick,45.254742,-66.063124,St John Ferry terminal [ferry]
Manitoba,Saskatchewan,50.2405193,-101.4502509,RD 84N [unclassified]
Manitoba,Saskatchewan,50.2405288,-101.4443593,RD 84N [unclassified]
Manitoba,Saskatchewan,50.1815558,-101.4440139,unnamed [unclassified]
Manitoba,Saskatchewan,50.1373834,-101.4440059,unnamed [tertiary]
Manitoba,Saskatchewan,50.2405351,-101.4742702,703 [tertiary]
Manitoba,Saskatchewan,50.2110620,-101.4466132,unnamed [unclassified]
Manitoba,Saskatchewan,53.7465706,-101.7682270,PR 283 [secondary]
Manitoba,Saskatchewan,53.7113391,-101.7651626,unnamed [track]
Manitoba,Saskatchewan,53.6253151,-101.7352708,unnamed [tertiary]
Ontario,Quebec,45.5230695,-75.4101634,unnamed [ferry]
Manitoba,Saskatchewan,50.0588637,-101.4505022,1 [trunk]
Manitoba,Saskatchewan,49.1479386,-101.3652652,Township Road 24 [unclassified]
Manitoba,Saskatchewan,49.1928038,-101.3904545,unnamed [unclassified]
Manitoba,Saskatchewan,49.1807887,-101.3691276,unnamed [unclassified]
Manitoba,Saskatchewan,49.1578986,-101.3628044,unnamed [track]
Manitoba,Saskatchewan,49.2370430,-101.3951109,Township Road 34 [track]
Manitoba,Saskatchewan,49.1643674,-101.3620491,Range Road 1300 [track]
Manitoba,Saskatchewan,49.1676355,-101.3621985,Range Road 1300 [track]
Manitoba,Saskatchewan,49.1777790,-101.3651088,18 [primary]
Athabasca,Northern British Colombia,55.9997824,-120.0003324,Township Road 811 [unclassified]
Manitoba,Saskatchewan,54.6399451,-101.8511789,unnamed [tertiary]
Manitoba,Saskatchewan,54.7459955,-101.8450625,Company Road [tertiary]
Manitoba,Saskatchewan,54.7819462,-101.8859460,unnamed [unclassified]
Manitoba,Saskatchewan,54.7600705,-101.8601245,Ma Crerar Way [unclassified]
Manitoba,Saskatchewan,54.7592862,-101.8481094,PR 291 [secondary]
Manitoba,Saskatchewan,54.7617098,-101.8521617,PR 291 [secondary]
Manitoba,Saskatchewan,54.7625258,-101.8763133,Creighton Street [residential]
Manitoba,Saskatchewan,54.7613885,-101.8754267,167 [primary]
Manitoba,Saskatchewan,54.7626318,-101.8696978,Hudson Street [residential]
Northern Ontario,Ontario,45.3677495,-77.9436988,Murray Lyell Road [track]
Northern Ontario,Ontario,45.3737770,-77.9314450,unnamed [track]
Northern Ontario,Ontario,45.3746815,-77.9285957,523 [secondary]
Northern Ontario,Ontario,45.3834627,-77.8963663,unnamed [track]
Northern Ontario,Ontario,45.3867695,-77.8761605,unnamed [track]
Northern Ontario,Ontario,45.3857654,-77.8938259,unnamed [track]
Northern Ontario,Ontario,45.3871518,-77.8800476,unnamed [track]
Northern Ontario,Ontario,45.3905125,-77.8640702,unnamed [track]
Alberta,British Columbia,49.7716115,-114.6490479,Racehorse Pass Trail [track]
Northern Ontario,Ontario,45.3899429,-77.8733544,unnamed [track]
Alberta,British Columbia,50.5820145,-115.0675990,Elk Pass Hydroline Trail [track]
Manitoba,Northern Ontario,49.7973319,-95.1508062,Ingolf Road [tertiary]
Northern Ontario,Ontario,45.5134443,-77.9070523,unnamed [track]
Northern Ontario,Ontario,45.5433988,-77.8126088,Aylen Lake [track]
Northern Ontario,Ontario,45.5465334,-77.8006484,unnamed [track]
Northern Ontario,Ontario,45.5403131,-77.8174091,unnamed [track]
Northern Ontario,Ontario,45.5306251,-77.8598983,Spectacle Lake Road [residential]
Northern Ontario,Ontario,45.5457803,-77.8038981,unnamed [track]
Northern Ontario,Ontario,45.5357712,-77.8381055,unnamed [track]
Northern Ontario,Ontario,45.5389482,-77.8252216,unnamed [track]
Northern Ontario,Ontario,45.5632982,-77.7793385,unnamed [track]
Northern Ontario,Ontario,45.5323100,-77.8449760,60 [primary]
Northern Ontario,Ontario,45.6139490,-77.8074400,unnamed [track]
Northern Ontario,Ontario,45.6178541,-77.8111563,unnamed [track]
Northern Ontario,Ontario,45.5900330,-77.7952566,unnamed [track]
Northern Ontario,Ontario,45.5921243,-77.7961644,unnamed [track]
Northern Ontario,Ontario,45.6116969,-77.8053038,unnamed [track]
Northern Ontario,Ontario,45.6215985,-77.8127991,unnamed [track]
Northern Ontario,Ontario,45.6580656,-77.8345010,unnamed [track]
Northern Ontario,Ontario,45.6715626,-77.8411024,unnamed [track]
Northern Ontario,Ontario,45.6317449,-77.8190035,unnamed [track]
Northern Ontario,Ontario,45.6594630,-77.8355534,unnamed [track]
Northern Ontario,Ontario,45.6688310,-77.8397032,unnamed [track]
Northern Ontario,Ontario,45.6683894,-77.8389759,unnamed [track]
New Brunswick,Quebec,48.0012066,-67.8541607,unnamed [unclassified]
Northern Ontario,Ontario,45.4119186,-78.8740366,unnamed [track]
Northern Ontario,Ontario,45.3923197,-78.9373826,Oxbow Lake Road [track]
Ontario,Quebec,45.4223096,-75.7190333,Pont de la Chaudière [secondary]
Northern Ontario,Ontario,44.9571860,-79.0558749,Old Victoria Road [residential]
Northern Ontario,Ontario,44.9573320,-79.0401999,Miriam Drive [residential]
Northern Ontario,Ontario,45.4494789,-78.2484501,unnamed [track]
Northern Ontario,Ontario,44.8048268,-79.2102604,DR 6 [secondary]
Ontario,Quebec,45.4097103,-75.7594113,Pont Champlain Bridge [primary]
Manitoba,Saskatchewan,52.8302426,-101.6687422,PTH 77 [primary]
Cape Breton,Cape Breton,46.210727,-60.243799,North Sydney Terminal Ferry [ferry]
Newfoundland,Newfoundland,47.579606,-59.141505,Port aux Basques Ferry Terminal [ferry]
Northern Ontario,Ontario,45.3299862,-78.0975335,unnamed [track]
Northern Ontario,Ontario,45.3280739,-78.1059231,unnamed [track]
Northern Ontario,Ontario,45.3273986,-78.1177952,unnamed [track]
Northern Ontario,Ontario,45.3380069,-78.0733880,unnamed [track]
Northern Ontario,Ontario,45.3376618,-78.0658428,unnamed [track]
Northern Ontario,Ontario,45.3224564,-78.1341130,unnamed [track]
Northern Ontario,Ontario,45.3198716,-78.1413087,unnamed [track]
Northern Ontario,Ontario,45.3186141,-78.1428982,McRae Hay Road [track]
New Brunswick,Quebec,47.4097275,-68.6086377,Chemin Grand Reed [unclassified]
New Brunswick,Quebec,47.4909083,-68.4754683,unnamed [unclassified]
New Brunswick,Quebec,47.6411510,-68.3834565,unnamed [unclassified]
Ontario,Quebec,45.4233197,-75.7141179,Pont du Portage [primary]
New Brunswick,Nova Scotia,45.8606458,-64.2719992,Aulac Road [tertiary]
New Brunswick,Nova Scotia,45.8566703,-64.2708801,Brown Road [unclassified]
New Brunswick,Nova Scotia,45.8580855,-64.2671268,NB 2;TCH [motorway]
New Brunswick,Nova Scotia,45.8586581,-64.2674713,NB 2;TCH [motorway]
New Brunswick,Nova Scotia,45.8788261,-64.2551218,Mount Whatley Bridge [tertiary]
New Brunswick,Nova Scotia,45.9769245,-64.0488302,Baie Verte Road [secondary]
New Brunswick,Nova Scotia,45.9800957,-64.0464218,Black Spruce Road [residential]
New Brunswick,Nova Scotia,45.9769999,-64.0468325,NS 366 [secondary]
New Brunswick,Nova Scotia,45.9792159,-64.0465894,Riverside Cemetery Road [residential]
Cape Breton,Cape Breton,46.210635,-60.243716,North Sydney [ferry]
Newfoundland,Newfoundland,47.290009,-53.992354,Argentia Ferry [ferry]
Athabasca,Saskatchewan,55.1164592,-106.0068900,165 [primary]
Northern British Colombia,Yukon,59.9991618,-130.3092136,unnamed [residential]
Northern British Colombia,Yukon,59.9945722,-132.1178169,YK 1 [trunk]
Alberta,Saskatchewan,53.0452356,-110.0057858,688 [tertiary]
Alberta,Saskatchewan,53.1033333,-110.0017999,770 [tertiary]
Alberta,Saskatchewan,53.1178299,-110.0010967,Township 480a Road [unclassified]
Alberta,Saskatchewan,53.1615652,-110.0004778,Township 484 Road [unclassified]
Alberta,Saskatchewan,53.1906870,-110.0009811,Township Road 490 [unclassified]
Alberta,Saskatchewan,53.2197984,-110.0010997,Township 492 Road [unclassified]
Alberta,Saskatchewan,53.4243656,-110.0011551,798 [tertiary]
Alberta,Saskatchewan,53.4366541,-110.0053686,17 [primary]
Alberta,Saskatchewan,53.3157729,-110.0053679,17 [primary]
Alberta,Saskatchewan,53.3100167,-110.0053688,17 [primary]
Alberta,Saskatchewan,53.3362372,-110.0006088,774 [tertiary]
Alberta,Saskatchewan,53.5131277,-110.0054737,17 [primary]
Alberta,Saskatchewan,53.5793777,-110.0046890,17 [primary]
Alberta,Saskatchewan,52.9578554,-110.0026475,Unwin Road [unclassified]
British Columbia,Northern British Colombia,51.3092760,-127.8581124,Alaska Marine Highway - Bellingham ↔ Ketchikan [ferry]
Ontario,Quebec,45.4561865,-74.4146148,Chemin du Petit-Brûlé [tertiary]
Ontario,Quebec,45.4880985,-74.4020920,Chemin du Haut-de-la-Chute [tertiary]
Manitoba,Saskatchewan,49.9564748,-101.4472519,unnamed [unclassified]
Manitoba,Saskatchewan,49.9750428,-101.4441643,unnamed [unclassified]
Manitoba,Saskatchewan,49.9271509,-101.4472322,unnamed [unclassified]
Manitoba,Saskatchewan,49.8866704,-101.4134329,unnamed [unclassified]
Manitoba,Saskatchewan,49.8571592,-101.4138376,unnamed [unclassified]
Manitoba,Saskatchewan,49.8277180,-101.4138578,unnamed [unclassified]
Manitoba,Saskatchewan,49.9308368,-101.4506512,unnamed [unclassified]
Manitoba,Saskatchewan,49.8258298,-101.4176672,unnamed [unclassified]
Manitoba,Saskatchewan,49.8424359,-101.4129652,PR 257 [secondary]
Manitoba,Saskatchewan,49.0739053,-101.3617155,unnamed [track]
Ontario,Quebec,45.3625253,-74.4461360,4e Rang [residential]
Ontario,Quebec,45.3370297,-74.4556596,6e Rang [tertiary]
Ontario,Quebec,45.3207240,-74.4629823,7e Rang [tertiary]
British Columbia,Victoria Island,49.4271339,-124.3648853,55 [ferry]
Alberta,Saskatchewan,53.1417754,-110.0055089,17 [primary]
Alberta,Saskatchewan,53.1284546,-110.0054605,17 [primary]
Alberta,Saskatchewan,53.0751713,-110.0054802,17 [primary]
Alberta,Saskatchewan,53.0618503,-110.0055221,17 [primary]
Northern Ontario,Quebec,48.5253899,-79.5140577,388 [secondary]
Manitoba,Saskatchewan,49.3403289,-101.3879993,unnamed [unclassified]
Quebec,Ungava,49.7415505,-74.0974074,unnamed [unclassified]
Quebec,Ungava,49.5710840,-74.2452556,Route 167 Sud [primary]
Manitoba,Saskatchewan,49.0145910,-101.3588795,unnamed [track]
Manitoba,Saskatchewan,49.0443010,-101.3650856,Township Road 13 [unclassified]
Manitoba,Saskatchewan,49.0272752,-101.3614469,Range Road 1300 [track]
Ontario,Quebec,45.3031854,-74.4691279,8e Rang [tertiary]
Ontario,Quebec,45.3852473,-74.4385514,Chemin Bédard [secondary]
Alberta,Athabasca,55.1121322,-118.7667996,Resources Road [tertiary]
Alberta,Athabasca,55.1103388,-118.7884755,Range Road 61 [unclassified]
Alberta,Athabasca,55.1110930,-118.8140420,Range Road 62 [unclassified]
Alberta,Athabasca,55.1073786,-118.8523186,Range Road 63A [unclassified]
Alberta,Athabasca,55.1072490,-118.8650554,Range Road 64 [tertiary]
Alberta,Athabasca,55.1123529,-118.8906519,Range Road 65 [residential]
Alberta,Athabasca,55.1106518,-118.9161851,Range Road 70 [unclassified]
Alberta,Athabasca,55.1116467,-118.9416043,Range Road 71 [unclassified]
Alberta,Athabasca,55.1088588,-118.9669944,Range Road 72 [tertiary]
Alberta,Athabasca,55.1088619,-118.9924149,Range Road 73 [unclassified]
Alberta,Athabasca,55.1103844,-118.8111968,Sandy Lane Estates Road [residential]
Alberta,Athabasca,55.1106441,-118.8067467,Sandy Lane Estates Road [residential]
Alberta,Athabasca,55.1113045,-118.8305675,111 Street [residential]
Alberta,Athabasca,55.1129219,-118.8229435,unnamed [unclassified]
Alberta,Athabasca,55.1115601,-118.7630202,unnamed [unclassified]
Alberta,Athabasca,55.1115325,-118.8034043,Canfor Hauling Road [service]
Alberta,Athabasca,55.1121250,-118.9287609,unnamed [unclassified]
Alberta,Athabasca,55.1109835,-118.7536026,unnamed [unclassified]
Alberta,Athabasca,55.1122061,-118.7732880,93 Street [unclassified]
Alberta,Saskatchewan,49.9572345,-110.0001418,1 [trunk]
Ontario,Quebec,45.8075282,-77.0422812,148 [primary]
Quebec,Ungava,50.0459287,-73.8056631,R1007 [tertiary]
Manitoba,Saskatchewan,50.9447787,-101.5321256,unnamed [unclassified]
Manitoba,Saskatchewan,50.9125359,-101.5085062,unnamed [unclassified]
Athabasca,North West Territories,60.0010225,-111.8683087,Pelican Street [tertiary]
Athabasca,North West Territories,60.0013386,-111.8728462,Portage Avenue [secondary]
Athabasca,North West Territories,59.9987648,-111.8418043,Primrose Lane [residential]
Athabasca,North West Territories,59.9996928,-111.9239719,unnamed [service]
Athabasca,North West Territories,60.0002582,-111.9101002,unnamed [service]
Quebec,Ungava,49.0018182,-77.0589144,113 [primary]
Alberta,Saskatchewan,53.3027722,-110.0045726,unnamed [service]
Alberta,Saskatchewan,53.3071121,-110.0010463,67 Street [secondary]
Manitoba,Saskatchewan,52.1984177,-101.6089874,unnamed [tertiary]
Manitoba,Saskatchewan,52.1435729,-101.6129926,unnamed [unclassified]
Manitoba,Saskatchewan,52.0853109,-101.6130583,unnamed [unclassified]
Manitoba,Saskatchewan,52.0561994,-101.6142056,unnamed [unclassified]
Manitoba,Saskatchewan,52.1144477,-101.6120492,753 [tertiary]
Ontario,Quebec,46.1914928,-77.6842878,Des Joachims Bridge [secondary]
Alberta,Saskatchewan,49.1945290,-110.0013281,13 [primary]
Alberta,Saskatchewan,49.7930588,-110.0006041,724 [tertiary]
Alberta,Saskatchewan,52.8123645,-110.0021470,unnamed [unclassified]
Manitoba,Saskatchewan,50.6388872,-101.5059117,PR 478 [secondary]
Manitoba,Saskatchewan,50.6535521,-101.5049688,unnamed [track]
Manitoba,Saskatchewan,50.7420629,-101.5055211,unnamed [unclassified]
Manitoba,Saskatchewan,50.3289280,-101.4742007,PR 571 [secondary]
Manitoba,Saskatchewan,50.3141927,-101.4730916,unnamed [unclassified]
Manitoba,Saskatchewan,50.4380185,-101.4741838,PR 545 [secondary]
Manitoba,Saskatchewan,50.3584073,-101.4742943,unnamed [unclassified]
Alberta,Athabasca,55.1072270,-113.2532173,813 [secondary]
Manitoba,Saskatchewan,50.6242499,-101.5060910,unnamed [track]
Manitoba,Saskatchewan,49.7097438,-101.4147570,unnamed [unclassified]
Manitoba,Saskatchewan,50.9924667,-101.5351759,unnamed [unclassified]
Manitoba,Saskatchewan,50.9630232,-101.5342493,unnamed [track]
Manitoba,Saskatchewan,50.9521289,-101.5151564,unnamed [unclassified]
Manitoba,Saskatchewan,50.8893033,-101.5086983,unnamed [unclassified]
Alberta,Athabasca,55.1139036,-114.0463425,unnamed [track]
Northern British Colombia,Yukon,59.9981784,-136.8522340,Blanchard River Road [residential]
Northern British Colombia,Yukon,60.0018269,-136.8489277,YK 3 [trunk]
Alberta,Saskatchewan,50.9741914,-110.0030785,unnamed [service]
Alberta,Saskatchewan,49.9577834,-110.0001320,1 [trunk]
Manitoba,Saskatchewan,49.3996009,-101.3895121,unnamed [unclassified]
Manitoba,Saskatchewan,49.3848718,-101.3927539,unnamed [unclassified]
Manitoba,Saskatchewan,49.3981029,-101.3919898,PR 345 [secondary]
Manitoba,Saskatchewan,49.2462452,-101.3920279,Range Road 1300 [track]
Manitoba,Saskatchewan,49.5327226,-101.4141316,unnamed [unclassified]
Manitoba,Saskatchewan,49.5030153,-101.3954203,unnamed [unclassified]
Alberta,Saskatchewan,49.9500918,-110.0008546,unnamed [unclassified]
Alberta,Saskatchewan,49.9696453,-110.0048648,unnamed [unclassified]
Alberta,Saskatchewan,49.9839778,-110.0048290,unnamed [unclassified]
Alberta,Saskatchewan,49.9751870,-110.0036364,unnamed [unclassified]
Manitoba,Saskatchewan,49.4290473,-101.3879029,unnamed [unclassified]
Manitoba,Saskatchewan,49.5800167,-101.4179635,unnamed [unclassified]
Manitoba,Saskatchewan,49.5861686,-101.4179154,unnamed [unclassified]
Manitoba,Saskatchewan,49.6950346,-101.4149361,unnamed [unclassified]
Manitoba,Saskatchewan,49.6912628,-101.4177728,unnamed [unclassified]
Manitoba,Saskatchewan,49.6065190,-101.4210039,unnamed [unclassified]
Manitoba,Saskatchewan,49.7392599,-101.4145709,PR 255 [secondary]
Alberta,Saskatchewan,53.7214496,-110.0056406,Range Road 10 [unclassified]
Alberta,Saskatchewan,53.7287500,-110.0074116,Range Road 10 [unclassified]
Alberta,Saskatchewan,52.5220110,-110.0021281,unnamed [unclassified]
Athabasca,Saskatchewan,55.1125823,-102.8544685,135 [primary]
Alberta,Saskatchewan,53.1106989,-110.0033882,unnamed [unclassified]
Alberta,Saskatchewan,53.2053419,-110.0010443,unnamed [unclassified]
Manitoba,Saskatchewan,49.3255936,-101.3924682,unnamed [unclassified]
Manitoba,Saskatchewan,49.3722872,-101.3924460,unnamed [unclassified]
Manitoba,Saskatchewan,49.3839604,-101.3923767,unnamed [unclassified]
Alberta,Saskatchewan,53.8129771,-110.0038863,unnamed [unclassified]
Alberta,Saskatchewan,53.7794001,-110.0066578,unnamed [unclassified]
Manitoba,Saskatchewan,49.3700805,-101.3893730,unnamed [unclassified]
Alberta,British Columbia,49.6371369,-114.6920142,Pioneer wagon road [track]
Quebec,Ungava,48.9314130,-74.3494447,R0451 [tertiary]
Quebec,Ungava,48.9993369,-74.3132837,R0212 [tertiary]
Athabasca,Saskatchewan,55.1135480,-107.7363565,155 [primary]
Athabasca,Saskatchewan,55.1119320,-107.6983839,165 [primary]
Athabasca,Saskatchewan,55.1127817,-105.2823133,Cook Crescent [residential]
Athabasca,Saskatchewan,55.1130098,-105.2812161,Cook Crescent [residential]
British Columbia,Victoria Island,50.0362861,-125.2302655,23 [ferry]
Athabasca,North West Territories,60.0002339,-111.9019114,unnamed [service]
Athabasca,North West Territories,60.0004003,-111.8619516,Paddle Street [residential]
Athabasca,North West Territories,59.9998557,-111.8497002,unnamed [residential]
Athabasca,North West Territories,59.9998736,-111.8483884,Carl's Drive [residential]
Athabasca,North West Territories,59.9994232,-111.8457667,Carl's Drive [residential]
Northern Ontario,Ontario,45.4999905,-78.2795969,unnamed [track]
Northern Ontario,Ontario,45.5118653,-78.2848353,Leaf Lake Ski Trail [track]
Athabasca,North West Territories,60.0002069,-111.9186650,unnamed [track]
Athabasca,North West Territories,60.0004677,-111.9046578,5 [primary]
Athabasca,North West Territories,59.9990270,-112.1905017,unnamed [track]
Manitoba,Saskatchewan,49.1183043,-101.3651342,Township Road 22 [unclassified]
Northern Ontario,Quebec,48.1994606,-79.5177493,Chemin du lac Labyrinthe [unclassified]
Northern Ontario,Quebec,48.2052626,-79.5176585,Chemin du lac Labyrinthe [unclassified]
Quebec,Ungava,49.3040733,-74.3627088,R1032 [tertiary]
Quebec,Ungava,49.3163182,-74.3735336,R1032 [tertiary]
Quebec,Ungava,49.3221675,-74.3901572,R1032 [tertiary]
Quebec,Ungava,49.3527946,-74.4183440,R1032 [tertiary]
Quebec,Ungava,49.0023999,-76.1085926,unnamed [unclassified]
Alberta,Saskatchewan,50.9310858,-110.0047136,unnamed [unclassified]
Alberta,Saskatchewan,50.9370980,-110.0038694,unnamed [unclassified]
Alberta,Saskatchewan,50.9502696,-110.0019741,unnamed [unclassified]
Alberta,Saskatchewan,50.6883834,-110.0034906,Township Road 202 [unclassified]
Alberta,Saskatchewan,50.4264484,-110.0020940,371 [secondary]
Alberta,Saskatchewan,51.8526319,-110.0036686,51 [primary]
Alberta,Saskatchewan,51.7653150,-110.0037691,unnamed [unclassified]
Alberta,Saskatchewan,51.8225950,-110.0036508,unnamed [unclassified]
Alberta,Saskatchewan,52.2887744,-110.0006348,unnamed [unclassified]
Alberta,Saskatchewan,52.2599566,-110.0007315,unnamed [unclassified]
Alberta,Saskatchewan,51.5616586,-110.0088658,unnamed [unclassified]
Alberta,Saskatchewan,51.6488992,-110.0035727,unnamed [unclassified]
Alberta,Saskatchewan,51.7071320,-110.0040253,unnamed [unclassified]
Alberta,Saskatchewan,51.5325707,-110.0016692,unnamed [unclassified]
Alberta,Saskatchewan,51.6638332,-110.0030713,unnamed [unclassified]
Alberta,Saskatchewan,51.3579223,-110.0042488,unnamed [track]
Alberta,Saskatchewan,51.4452112,-110.0038656,unnamed [unclassified]
Alberta,Saskatchewan,51.4798145,-110.0026839,unnamed [unclassified]
Alberta,Saskatchewan,51.2996385,-110.0010477,unnamed [unclassified]
Alberta,Saskatchewan,51.4160987,-110.0016995,unnamed [unclassified]
Alberta,Saskatchewan,51.0958947,-110.0011112,unnamed [unclassified]
Alberta,Saskatchewan,51.0668080,-110.0025467,unnamed [unclassified]
Alberta,Saskatchewan,49.7421616,-110.0015378,unnamed [unclassified]
Alberta,Saskatchewan,49.7459629,-110.0045010,unnamed [unclassified]
Manitoba,Saskatchewan,49.6507581,-101.4206499,unnamed [unclassified]
Manitoba,Saskatchewan,50.8598245,-101.5066338,unnamed [unclassified]
Manitoba,Saskatchewan,50.8303903,-101.5065963,unnamed [unclassified]
Alberta,Saskatchewan,49.7276031,-110.0043723,unnamed [unclassified]
Manitoba,Saskatchewan,52.2252891,-101.6090643,unnamed [track]
Manitoba,Saskatchewan,52.2343718,-101.6092279,unnamed [track]
Manitoba,Saskatchewan,52.2403330,-101.6092483,unnamed [track]
Manitoba,Northern Ontario,50.4587949,-95.1498178,Werner Lake Road [unclassified]
Manitoba,Northern Ontario,50.4695665,-95.1493257,unnamed [track]
Athabasca,North West Territories,60.0011818,-111.8966919,King Street [secondary]
Athabasca,North West Territories,60.0014286,-112.4894244,unnamed [unclassified]
Alberta,Saskatchewan,52.6959633,-110.0088733,unnamed [unclassified]
North West Territories,Yukon,67.0451614,-136.2089149,YK 5 [primary]
Alberta,Saskatchewan,53.2596207,-110.0050545,25 Street [secondary]
Quebec,Ungava,48.9976615,-76.2088711,R1015 [unclassified]
Quebec,Ungava,49.0000631,-76.7675013,R0853 [tertiary]
Athabasca,North West Territories,60.0021112,-116.9810185,1 [trunk]
Athabasca,North West Territories,60.0008435,-112.5593552,5 [primary]
Athabasca,North West Territories,59.9992631,-112.6453979,5 [primary]
Athabasca,North West Territories,59.9995150,-112.5896385,5 [primary]
Athabasca,North West Territories,60.0006546,-112.5214806,5 [primary]
Northern British Colombia,Yukon,60.0008706,-127.6754254,BC 97 [trunk]
Northern British Colombia,Yukon,60.0011470,-127.6861857,BC 97 [trunk]
Northern British Colombia,Yukon,60.0004376,-127.8650166,BC 97 [trunk]
Northern British Colombia,Yukon,60.0013864,-127.9292536,BC 97 [trunk]
North West Territories,Northern British Colombia,60.0001172,-122.9329390,7 [primary]
New Brunswick,Quebec,47.4846094,-68.4813628,NB 2;TCH [motorway]
New Brunswick,Quebec,47.4866312,-68.4810859,Avenue de la Madawaska [tertiary]
Alberta,Saskatchewan,53.2924980,-110.0049896,57 Street [unclassified]
Alberta,Saskatchewan,53.2888719,-110.0050008,55 Street [residential]
Alberta,Saskatchewan,53.2906899,-110.0053893,56 Street [residential]
Athabasca,Northern British Colombia,55.7792044,-119.9989261,49 [primary]
Manitoba,Saskatchewan,50.0591000,-101.4479489,unnamed [service]
Northern Ontario,Ontario,45.1589315,-78.8450619,unnamed [service]
Northern Ontario,Ontario,45.1596769,-78.8458877,unnamed [service]
Northern Ontario,Ontario,45.1603601,-78.8460202,unnamed [service]
Alberta,Athabasca,55.1094997,-117.7130025,unnamed [unclassified]
Athabasca,North West Territories,60.0009914,-111.8810760,Breynat Street [tertiary]
Alberta,Saskatchewan,52.3612650,-110.0089136,13 [primary]
Alberta,Saskatchewan,53.0160926,-110.0045272,Township 470 Road [unclassified]
Alberta,Saskatchewan,53.2123770,-110.0049859,unnamed [unclassified]
Alberta,Saskatchewan,53.2395121,-110.0047731,unnamed [service]
Alberta,Saskatchewan,53.2414885,-110.0049836,unnamed [service]
Alberta,Saskatchewan,53.4534845,-110.0047800,unnamed [unclassified]
Athabasca,Saskatchewan,55.1129090,-105.2778173,Bedford Drive [tertiary]
Athabasca,Saskatchewan,55.1121440,-105.2891677,Boardman Street [secondary]
Alberta,Saskatchewan,53.3197314,-110.0049984,unnamed [unclassified]
Athabasca,Saskatchewan,55.1105070,-105.2967139,Finlayson Street [unclassified]
British Columbia,Victoria Island,48.9378875,-123.2227095,9 [ferry]
British Columbia,Victoria Island,48.8605040,-123.3364402,1 [ferry]
Athabasca,Saskatchewan,55.1129068,-105.2574617,La Ronge Avenue [service]
Athabasca,Saskatchewan,55.1090283,-105.2958120,102 [primary]
Alberta,British Columbia,49.6390327,-114.6684585,Crowsnest Ridge Route [track]
Alberta,Saskatchewan,53.2669829,-110.0052468,50 Avenue [residential]
Labrador,Quebec,51.4204726,-57.1107966,138 [trunk]
Alberta,Saskatchewan,52.8415707,-109.9996484,40 [primary]
Alberta,Saskatchewan,49.5597745,-110.0047652,Township Road 74 [unclassified]
Alberta,Saskatchewan,53.2514022,-110.0050009,15 Street [residential]
Quebec,Ungava,53.8420735,-70.0018998,unnamed [track]
Manitoba,Saskatchewan,50.9376870,-101.5113955,723 [tertiary]
Manitoba,Saskatchewan,50.9465584,-101.5146049,723 [tertiary]
Manitoba,Saskatchewan,50.9485172,-101.5363321,723 [tertiary]
Alberta,Athabasca,55.1103707,-113.0430848,Range Road 203 [tertiary]
Alberta,Athabasca,55.1115491,-112.4928245,unnamed [unclassified]
Alberta,Athabasca,55.1129159,-112.4905110,63 [trunk]
Northern Ontario,Ontario,46.0237632,-77.6388495,unnamed [unclassified]
Northern Ontario,Quebec,48.8071690,-79.5144543,Rang 6e-et-7e [unclassified]
North West Territories,Yukon,66.4439063,-133.7187114,unnamed [track]
North West Territories,Yukon,66.4898442,-133.6807446,unnamed [track]
Alberta,Athabasca,55.1128001,-114.6101276,unnamed [track]
Northern Ontario,Ontario,46.2906064,-78.4049778,unnamed [track]
Alberta,Saskatchewan,51.2705528,-109.9999698,570 [secondary]
Quebec,Ungava,48.9913192,-75.2222873,R-1009 [tertiary]
Quebec,Ungava,49.0064650,-74.3023939,unnamed [service]
Ontario,Quebec,45.4298550,-75.7033806,Alexandra Bridge [secondary]
Alberta,Northern British Colombia,52.8820079,-118.4512925,unnamed [service]
Alberta,Athabasca,55.1128820,-117.7444092,43 [trunk]
Ontario,Quebec,45.5857357,-75.2415201,"Thurso,QC - Clarence,ON Ferry [ferry]"
Ontario,Quebec,45.6186652,-74.5977482,Pont du Long-Sault [primary]
Northern British Colombia,Yukon,59.9976349,-129.0542415,BC 37 [primary]
Alberta,Saskatchewan,54.4082909,-110.0094808,Township Road 630 [tertiary]
Ontario,Quebec,45.4049748,-74.4376323,Chemin Concession 9 Road [tertiary]
Quebec,Ungava,49.0006544,-78.1555921,R0804 [unclassified]
Quebec,Ungava,49.0093153,-79.0529504,Chemin du Parallèle [unclassified]
Quebec,Ungava,49.0096513,-79.1501845,Route des Conquérants [tertiary]
Quebec,Ungava,49.0101341,-79.1466255,Route des Conquérants [unclassified]
Quebec,Ungava,49.0026951,-78.0056400,unnamed [track]
Quebec,Ungava,49.0020489,-78.0692524,unnamed [track]
Northern Ontario,Quebec,48.9519443,-79.5185685,Translimit Road [residential]
Quebec,Ungava,49.0094096,-79.3556590,Chemin du Parallèle [unclassified]
Quebec,Ungava,49.0054148,-79.3476731,111 [primary]
Quebec,Ungava,49.0024631,-78.8622396,Route Authier-Nord-Joutel [tertiary]
Northern Ontario,Ungava,49.5404958,-79.5192273,unnamed [track]
Northern Ontario,Ungava,49.5445953,-79.5185320,unnamed [track]
Northern Ontario,Ungava,49.5231964,-79.5171044,unnamed [track]
Northern Ontario,Ungava,49.5162745,-79.5207553,unnamed [track]
Northern Ontario,Ungava,49.5469376,-79.5185279,unnamed [track]
Northern Ontario,Ungava,49.7082476,-79.5163010,unnamed [track]
Northern Ontario,Ungava,49.6944214,-79.5187803,unnamed [track]
Northern Ontario,Quebec,48.8648449,-79.5168412,Petit Rang Dix [unclassified]
Manitoba,Saskatchewan,49.0033872,-101.3619949,Range Road 1300 [track]
Alberta,Saskatchewan,53.4027759,-110.0045268,unnamed [service]
Alberta,Saskatchewan,53.4065450,-110.0040442,unnamed [service]
Alberta,Saskatchewan,53.4157686,-110.0048916,unnamed [service]
Alberta,Saskatchewan,53.4124852,-110.0048468,unnamed [service]
Alberta,Saskatchewan,53.2329514,-110.0035244,unnamed [service]
Alberta,Athabasca,55.1129227,-111.6560205,unnamed [track]
Quebec,Ungava,50.3992950,-73.4557765,R1007 [tertiary]
Quebec,Ungava,50.4170179,-73.4489074,R1007 [tertiary]
Quebec,Ungava,50.4607343,-73.4120919,R1007 [tertiary]
Quebec,Ungava,50.6821101,-73.2560038,unnamed [unclassified]
Quebec,Ungava,50.7012930,-73.2265268,unnamed [unclassified]
Quebec,Ungava,50.6903391,-73.2357110,unnamed [unclassified]
Quebec,Ungava,50.6848862,-73.2491403,unnamed [unclassified]
Quebec,Ungava,50.6726524,-73.2577682,unnamed [unclassified]
Quebec,Ungava,50.6623060,-73.2680404,unnamed [unclassified]
Quebec,Ungava,50.6492238,-73.2744850,unnamed [unclassified]
Quebec,Ungava,50.6390835,-73.2831458,unnamed [unclassified]
Quebec,Ungava,50.5925098,-73.3062243,unnamed [unclassified]
Quebec,Ungava,50.5810194,-73.3152514,unnamed [unclassified]
Quebec,Ungava,50.5412273,-73.3544726,unnamed [unclassified]
Quebec,Ungava,50.5214103,-73.3702350,unnamed [unclassified]
Quebec,Ungava,50.5032312,-73.3891208,unnamed [unclassified]
Quebec,Ungava,50.6426277,-73.2710970,unnamed [unclassified]
Quebec,Ungava,50.4741211,-73.3967441,unnamed [unclassified]
Athabasca,Northern British Colombia,57.3156916,-119.9989864,unnamed [unclassified]
Manitoba,Saskatchewan,54.2838715,-101.8096959,697 [tertiary]
Alberta,Athabasca,55.1122650,-118.8203947,40 [primary]
Labrador,Quebec,54.8698101,-66.6589514,unnamed [unclassified]
Labrador,Quebec,54.7783550,-66.7269834,unnamed [track]
Labrador,Quebec,54.7602808,-66.7152003,unnamed [track]
Labrador,Quebec,54.7850308,-66.8219396,unnamed [unclassified]
Manitoba,Saskatchewan,51.2283055,-101.5385952,PTH 5 [primary]
Alberta,Saskatchewan,50.9580846,-110.0048378,unnamed [service]
Alberta,Northern British Colombia,54.6693411,-120.0002562,unnamed [unclassified]
Alberta,Northern British Colombia,54.6806776,-119.9995621,unnamed [unclassified]
Alberta,Athabasca,55.1117752,-119.1131345,unnamed [track]
Athabasca,Northern British Colombia,57.3565443,-120.0007130,unnamed [track]
Athabasca,Northern British Colombia,57.3994620,-120.0014714,unnamed [track]
Ontario,Quebec,45.5691254,-74.3827071,unnamed [service]
Athabasca,Northern British Colombia,56.5214898,-120.0011698,unnamed [unclassified]
Athabasca,Northern British Colombia,56.5127306,-119.9986402,unnamed [unclassified]
Athabasca,Northern British Colombia,55.9558265,-120.0026338,unnamed [unclassified]
Northern Ontario,Ontario,46.1005289,-77.9114210,unnamed [track]
Northern Ontario,Ontario,46.0967767,-77.7544782,unnamed [track]
Ontario,Quebec,45.4865229,-74.4017898,Chemin de la Fourche [unclassified]
Alberta,Saskatchewan,53.2489140,-110.0050107,12 Street [secondary]
Alberta,Northern British Colombia,54.1292909,-120.0003826,Deadhorse Meadows Tote Trail [track]
Ontario,Quebec,45.2086725,-74.3481785,401 [motorway]
British Columbia,Northern British Colombia,53.4724986,-123.3988213,unnamed [track]
Quebec,Ungava,49.0094348,-79.3504521,Chemin du Parallèle [track]
Quebec,Ungava,49.0094301,-79.3495274,Chemin du Parallèle [track]
British Columbia,Victoria Island,49.1462772,-123.5210665,30 [ferry]
British Columbia,Victoria Island,49.2754863,-123.6030332,2 [ferry]
Athabasca,Manitoba,57.0848165,-101.9974985,PR 394 [secondary]
Alberta,Saskatchewan,53.2781008,-110.0051036,16 [trunk]
Northern Ontario,Ontario,45.6923029,-77.7753325,White Mountain Chute Trail [track]
British Columbia,Northern British Colombia,53.4555164,-121.9765190,unnamed [unclassified]
Alberta,Saskatchewan,53.2772635,-110.0054260,unnamed [service]
Quebec,Ungava,49.0974226,-74.2704399,R1032 [tertiary]
Quebec,Ungava,49.2740196,-74.2420055,R0223 [tertiary]
Quebec,Ungava,49.2778002,-74.2759452,R0223 [tertiary]
Quebec,Ungava,49.2822961,-74.2829699,R0223 [tertiary]
Quebec,Ungava,49.2797775,-74.3008748,R0223 [tertiary]
Quebec,Ungava,49.2761578,-74.3273924,R0223 [tertiary]
British Columbia,Northern British Colombia,53.4566575,-121.9496374,Willow FSR [unclassified]
Alberta,Saskatchewan,53.2786605,-110.0052248,unnamed [service]
Quebec,Ungava,49.0035314,-77.5914777,R0801 [unclassified]
Quebec,Ungava,50.1580196,-73.7784762,unnamed [unclassified]
Athabasca,Northern British Colombia,57.7416693,-119.9994336,unnamed [unclassified]
Alberta,Saskatchewan,53.2644736,-110.0053592,unnamed [service]
Alberta,Saskatchewan,53.2617344,-110.0050965,unnamed [service]
Alberta,Saskatchewan,53.2604349,-110.0052711,unnamed [service]
Alberta,Saskatchewan,53.2837607,-110.0051596,unnamed [service]
Northern Ontario,Quebec,48.1075338,-79.5192725,unnamed [track]
Northern Ontario,Quebec,48.1020944,-79.5177054,unnamed [track]
Alberta,Saskatchewan,53.2825313,-110.0049890,49 Street [unclassified]
Alberta,Saskatchewan,53.2585648,-110.0048618,unnamed [service]
Alberta,Saskatchewan,53.2577968,-110.0052904,unnamed [service]
Alberta,Saskatchewan,53.2570444,-110.0052327,unnamed [service]
Alberta,Saskatchewan,53.2546652,-110.0053098,unnamed [service]
Ontario,Quebec,45.4365652,-75.7010696,5 [motorway]
Alberta,Saskatchewan,53.2610912,-110.0051861,unnamed [service]
Ontario,Quebec,45.4838607,-74.4078079,unnamed [track]
Alberta,Northern British Colombia,52.8819595,-118.4525650,YH 16 [trunk]
Alberta,Saskatchewan,53.2809405,-110.0053701,unnamed [service]
Alberta,Saskatchewan,53.2982306,-110.0047230,unnamed [service]
British Columbia,Northern British Colombia,53.1887060,-125.0020069,Blackwater Mine Access Road [unclassified]
British Columbia,Northern British Colombia,53.2412043,-124.9983046,Malaput Forest Service Road [unclassified]
British Columbia,Northern British Colombia,53.3943292,-124.5213951,Kluskus Forest Service Road [unclassified]
British Columbia,Northern British Colombia,53.4116164,-124.5272707,Kluskus Forest Service Road [unclassified]
Alberta,Saskatchewan,53.2816359,-110.0052137,48 Street [unclassified]
Alberta,Saskatchewan,53.2879036,-110.0053944,unnamed [service]
Ontario,Quebec,45.5395740,-74.3929676,417 [motorway]
Athabasca,Saskatchewan,55.1138830,-105.7922373,935 [unclassified]
Alberta,Saskatchewan,53.2523508,-110.0053721,unnamed [service]
New Brunswick,Prince Edward Island,46.1915229,-63.7772032,NB 16;TCH [trunk]
Alberta,Athabasca,55.1122199,-117.7411454,43 [trunk]
Labrador,Quebec,51.4267736,-57.1078060,Route blanche [track]
Quebec,Ungava,49.4834310,-74.3035503,unnamed [tertiary]
Quebec,Ungava,48.9954156,-74.3167344,unnamed [tertiary]
Northern Ontario,Ontario,45.2495520,-78.8932795,unnamed [service]
Northern Ontario,Ontario,45.1552663,-78.8445253,unnamed [service]
Northern Ontario,Ontario,44.7754782,-79.3909507,Godfrey Road [residential]
Northern Ontario,Ontario,46.1075350,-77.9147154,Ashport [track]
North West Territories,Yukon,63.2816051,-130.1407738,unnamed [unclassified]
North West Territories,Yukon,63.2459257,-130.0297531,Canol Road [tertiary]
Alberta,Saskatchewan,53.2634498,-110.0049810,29 Street [tertiary]
Alberta,Saskatchewan,53.2626440,-110.0053649,unnamed [service]
Alberta,Saskatchewan,53.2561444,-110.0050005,21 Street [residential]
Athabasca,Northern British Colombia,58.6230128,-119.9972116,unnamed [tertiary]
Northern Ontario,Ontario,46.2686711,-78.4098007,unnamed [residential]
Northern Ontario,Ontario,46.2701149,-78.4107898,unnamed [residential]
Northern Ontario,Ontario,46.2676945,-78.4101826,unnamed [track]
Northern Ontario,Quebec,48.0771217,-79.5201228,unnamed [track]
Alberta,Athabasca,55.1105646,-110.5394210,unnamed [tertiary]
Northern Ontario,Ontario,46.2108441,-78.3801277,unnamed [track]
Northern Ontario,Ontario,46.1588531,-78.3510566,unnamed [track]
Northern Ontario,Ontario,46.1526490,-78.3464761,unnamed [track]
Northern Ontario,Ontario,46.1732905,-78.3578940,Rit Lake Road [track]
Northern Ontario,Ontario,46.2181545,-78.3833832,unnamed [track]
Northern Ontario,Ontario,46.1443368,-78.3420559,unnamed [track]
Northern Ontario,Ontario,46.2068513,-78.3764526,unnamed [track]
Northern Ontario,Ontario,46.2240713,-78.3875112,unnamed [track]
British Columbia,Victoria Island,50.0614363,-125.2495599,Painter's Lodge ↔ April Point [ferry]
New Brunswick,Quebec,47.9821520,-66.9225534,NB 11 [primary]
Alberta,Athabasca,55.1171649,-117.2549325,49 [trunk]
Northern Ontario,Ontario,45.1086561,-78.9852878,unnamed [unclassified]
Northern Ontario,Ontario,45.1131546,-78.9782824,Hindon Forest Access Road [unclassified]
Manitoba,Saskatchewan,54.7674696,-101.8854066,unnamed [service]
Manitoba,Saskatchewan,54.7621936,-101.8705104,unnamed [service]
Manitoba,Saskatchewan,54.7625608,-101.8549399,unnamed [service]
Alberta,British Columbia,49.2625211,-114.4064644,unnamed [track]
Labrador,Quebec,52.8547846,-67.2398572,unnamed [service]
Alberta,British Columbia,49.6311794,-114.6955427,unnamed [service]
Alberta,British Columbia,49.6315996,-114.6935756,unnamed [service]
Alberta,British Columbia,49.3758950,-114.5339087,unnamed [track]
British Columbia,Victoria Island,48.9140892,-123.2550463,9 [ferry]
British Columbia,Victoria Island,48.8917435,-123.2857915,9 [ferry]
British Columbia,Northern British Colombia,53.3948884,-124.8482567,unnamed [unclassified]
British Columbia,Northern British Colombia,53.3875713,-124.8400259,unnamed [unclassified]
British Columbia,Northern British Colombia,53.3829918,-124.8292017,unnamed [unclassified]
North West Territories,Yukon,62.4521774,-129.1752333,unnamed [track]
New Brunswick,Quebec,47.3759971,-68.7202316,unnamed [service]
Athabasca,Northern British Colombia,56.6730224,-120.0011887,unnamed [unclassified]
Athabasca,Northern British Colombia,56.6811832,-119.9993708,unnamed [unclassified]
Northern Ontario,Ontario,45.2458128,-78.8938933,unnamed [service]
Alberta,British Columbia,49.7072784,-114.6651688,unnamed [track]
Alberta,British Columbia,49.7045611,-114.6645994,Deadmans Pass Trail [track]
Ontario,Quebec,45.3116803,-74.4672167,Chemin de Dalhousie [secondary]
Northern Ontario,Quebec,48.1681364,-79.5164580,unnamed [track]
Northern Ontario,Quebec,48.1654319,-79.5169835,unnamed [track]
Northern Ontario,Quebec,48.1796496,-79.5182166,unnamed [track]
Northern Ontario,Quebec,48.2007189,-79.5154969,unnamed [track]
Northern Ontario,Quebec,48.2454020,-79.5181300,Chemin Morganston [unclassified]
Alberta,British Columbia,49.3924379,-114.5838365,unnamed [track]
New Brunswick,Quebec,47.3730766,-68.7284697,NB 120 [primary]
British Columbia,Northern British Colombia,52.2699821,-128.4453225,10 [ferry]
British Columbia,Northern British Colombia,53.3081410,-128.9737993,10 [ferry]
British Columbia,Victoria Island,51.4047559,-127.8612803,10 [ferry]
Athabasca,North West Territories,59.9992522,-112.6475573,unnamed [track]
Athabasca,North West Territories,59.9992791,-112.3689266,unnamed [track]
Northern British Colombia,Yukon,59.9996815,-137.1155156,Squaw Creek Mining Road [track]
New Brunswick,Nova Scotia,45.9757097,-64.0498278,NS 366 [secondary]
Quebec,Ungava,48.9976174,-78.4190364,R0809 [tertiary]
British Columbia,Northern British Colombia,53.4491752,-123.2995572,unnamed [track]
Alberta,Athabasca,55.1117114,-113.5401762,unnamed [track]
Northern Ontario,Quebec,48.1709596,-79.5191910,Cheminis Road [unclassified]
New Brunswick,Quebec,48.0104242,-66.6801983,Subway Street [secondary]
Manitoba,Northern Ontario,55.8118331,-90.6651480,Fort Severn to Shamattawa Winter road [unclassified]
Athabasca,Saskatchewan,55.1128145,-105.9143982,unnamed [residential]
Athabasca,Saskatchewan,55.1110885,-105.9205757,unnamed [residential]
Labrador,Quebec,52.8679369,-67.0572863,unnamed [track]
Labrador,Quebec,52.8970768,-67.3432021,unnamed [track]
Labrador,Quebec,52.8808381,-67.3006623,unnamed [track]
Labrador,Quebec,52.8592261,-67.2400933,unnamed [track]
Labrador,Quebec,52.8341010,-67.1929433,unnamed [track]
Quebec,Ungava,49.0088140,-79.1895946,unnamed [track]
Alberta,Saskatchewan,50.3391245,-110.0030328,Township Road 162 [unclassified]
Ontario,Quebec,45.4919230,-74.4006119,unnamed [track]
Northern Ontario,Quebec,48.1754394,-79.5181634,unnamed [track]
Northern Ontario,Quebec,48.1749052,-79.5179529,unnamed [track]
Labrador,Quebec,51.4689204,-57.1097479,unnamed [track]
Labrador,Quebec,51.4724915,-57.1061140,unnamed [track]
Labrador,Quebec,52.8672055,-67.1111210,500 [trunk]
Ontario,Quebec,45.2288381,-74.3700175,Chemin Sainte-Claire [tertiary]
Athabasca,Saskatchewan,55.1135889,-108.3499361,unnamed [track]
Alberta,Athabasca,55.1127748,-119.3389533,Township Road 710 [unclassified]
Alberta,Athabasca,55.1119780,-119.3242964,Township Road 710 [unclassified]
Athabasca,Northern British Colombia,55.1226840,-119.9990460,unnamed [unclassified]
Alberta,Northern British Colombia,55.0171766,-119.9970371,unnamed [unclassified]
Manitoba,Northern Ontario,49.7690625,-95.1489670,Bell's Road [residential]
Manitoba,Saskatchewan,54.8449160,-101.8851699,unnamed [tertiary]
British Columbia,Northern British Colombia,53.4427826,-124.5303755,unnamed [unclassified]
British Columbia,Northern British Colombia,53.4552121,-124.5282535,unnamed [unclassified]
British Columbia,Northern British Colombia,53.4815926,-124.5172915,unnamed [unclassified]
Quebec,Ungava,49.0025596,-78.6096388,Chemin du Nord [unclassified]
Northern Ontario,Ontario,46.1049608,-78.3128671,unnamed [track]
Alberta,Athabasca,55.1107751,-118.7774385,Minhas Industrial Park Road [unclassified]
Alberta,Saskatchewan,53.2861308,-110.0053044,unnamed [service]
Athabasca,Saskatchewan,55.1109913,-105.9347910,unnamed [track]
Athabasca,Saskatchewan,55.1120695,-105.9149351,unnamed [unclassified]
Athabasca,Saskatchewan,55.1110952,-105.9250796,unnamed [unclassified]
Alberta,Saskatchewan,53.2465175,-110.0053868,unnamed [track]
Northern British Colombia,Yukon,60.0007343,-130.2491882,unnamed [service]
Quebec,Ungava,49.0566538,-74.2912532,unnamed [track]
Quebec,Ungava,49.0103550,-79.3922417,unnamed [track]
Quebec,Ungava,49.0090154,-79.3741429,unnamed [track]
Quebec,Ungava,49.0103107,-79.3711636,unnamed [track]
Alberta,Saskatchewan,53.2843864,-110.0051633,51 Street [unclassified]
Northern Ontario,Ontario,44.8699139,-79.6915713,Bellavista Trail [residential]
Northern Ontario,Ontario,44.8757349,-79.6810492,unnamed [residential]
Alberta,Saskatchewan,53.2852491,-110.0049909,52 Street [secondary]
Alberta,Saskatchewan,53.2798245,-110.0049924,46 Street [tertiary]
Alberta,Athabasca,55.1141180,-111.5377350,unnamed [unclassified]
Alberta,Saskatchewan,53.2931318,-110.0053446,unnamed [service]
Alberta,Saskatchewan,51.3869656,-110.0010703,7 [trunk]
Alberta,Saskatchewan,51.3874539,-110.0038589,unnamed [service]
Alberta,Saskatchewan,53.3287831,-110.0041769,Robert Drive [residential]
Alberta,Saskatchewan,53.4109717,-110.0049620,unnamed [service]
Alberta,Saskatchewan,53.4172411,-110.0046469,unnamed [service]
Alberta,Saskatchewan,53.4208997,-110.0046210,unnamed [service]
Alberta,Saskatchewan,53.4264311,-110.0053108,unnamed [track]
Alberta,Saskatchewan,53.4316711,-110.0052577,unnamed [track]
Alberta,Saskatchewan,53.3695128,-110.0042012,unnamed [service]
Alberta,Saskatchewan,53.3436145,-110.0033915,unnamed [service]
Alberta,Saskatchewan,53.3452008,-110.0036323,unnamed [service]
North West Territories,Yukon,62.0197959,-128.3477216,Nahanni Range Road [tertiary]
Alberta,Athabasca,55.1148684,-112.4901086,63 [trunk]
Northern British Colombia,Yukon,59.9969341,-124.2797599,unnamed [unclassified]
Ontario,Quebec,45.5575356,-74.3834530,unnamed [service]
Alberta,Athabasca,55.1118601,-117.2301147,Range Road 221 [unclassified]
Alberta,Saskatchewan,50.9729340,-110.0009928,741 [secondary]
Northern Ontario,Ontario,46.0666059,-77.6712779,Bronson Road [track]
Northern Ontario,Ontario,45.4315706,-78.2436085,unnamed [track]
Northern Ontario,Ontario,45.9185451,-77.5824459,unnamed [track]
Northern Ontario,Ontario,45.7521814,-77.5357122,Beechnut Lake Road [residential]
Alberta,Saskatchewan,51.3923176,-110.0046085,unnamed [service]
Alberta,Saskatchewan,49.6491436,-110.0011910,TCT [unclassified]
Manitoba,Saskatchewan,50.6831050,-101.5050299,Road 114 North [unclassified]
British Columbia,Northern British Colombia,53.4809195,-123.5530094,Pelican Lake Forest Service Road [unclassified]
Northern Ontario,Ontario,46.2833464,-78.4030149,17 [trunk]
British Columbia,Northern British Colombia,53.4401054,-121.5467450,Narrow Forest Service Road [unclassified]
Ontario,Quebec,45.5017152,-74.4010217,Rue Lafrance Street [track]
Ontario,Quebec,45.4822248,-74.4068926,unnamed [track]
Alberta,Saskatchewan,53.2968630,-110.0051376,unnamed [service]
Athabasca,Saskatchewan,55.1115108,-105.4124222,unnamed [track]
Quebec,Ungava,48.9986364,-75.0696370,unnamed [unclassified]
Quebec,Ungava,48.9586749,-74.4585151,unnamed [unclassified]
British Columbia,Northern British Colombia,52.9982573,-125.4504632,unnamed [track]
Quebec,Ungava,49.0149493,-74.2945446,R0212 [tertiary]
Northern British Colombia,Yukon,60.0022819,-127.7340682,BC 97 [trunk]
Northern British Colombia,Yukon,60.0019636,-127.8971182,BC 97 [trunk]
Northern British Colombia,Yukon,59.9997851,-131.1939033,YK 1 [trunk]
Athabasca,Northern British Colombia,58.4262700,-120.0034290,unnamed [tertiary]
Northern Ontario,Ontario,45.2473578,-78.8937125,unnamed [service]
Northern Ontario,Ontario,45.2478637,-78.8934412,unnamed [service]
Northern Ontario,Ontario,45.4102139,-81.8427844,Tobermory - South Baymouth Ferry [ferry]
Alberta,Athabasca,55.1122482,-119.6276057,Range Road 114 [unclassified]
Alberta,Athabasca,55.1121991,-118.7949517,unnamed [service]
Athabasca,Saskatchewan,55.1118665,-107.5191937,unnamed [unclassified]
Manitoba,Northern Ontario,49.7400068,-95.1551137,former trans canada route [track]
New Brunswick,Quebec,47.3093917,-68.9968173,unnamed [track]
Manitoba,Saskatchewan,54.7624200,-101.8748419,unnamed [service]
Northern Ontario,Ontario,45.5026478,-78.2832782,Leaf Lake Ski Trail [track]
Alberta,Athabasca,55.1153118,-113.4137575,unnamed [service]
Quebec,Ungava,48.9726847,-74.4988483,unnamed [track]
Ontario,Quebec,45.4368800,-75.7027701,5 [motorway]
Cape Breton,Nova Scotia,45.644542,-61.419202,104 [primary]